{"cameraMode":{"drawMode":0,"name":"Shaded","section":"Shading Mode"},"sceneLighting":false,"audioPlay":false,"sceneViewState":{"showFog":true,"showMaterialUpdate":false,"showSkybox":true,"showFlares":true,"showImageEffects":true,"showParticleSystems":true},"in2DMode":false,"pivot":{"x":-0.26776981353759768,"y":0.5925151109695435,"z":3.021956443786621},"rotation":{"x":-0.11925235390663147,"y":-0.08715511113405228,"z":0.010508906096220017,"w":-0.988975465297699},"size":7.0080766677856449,"orthographic":false}