{"cameraMode":{"drawMode":0,"name":"Shaded","section":"Shading Mode"},"sceneLighting":false,"audioPlay":false,"sceneViewState":{"showFog":true,"showMaterialUpdate":false,"showSkybox":true,"showFlares":true,"showImageEffects":true,"showParticleSystems":true},"in2DMode":false,"pivot":{"x":-0.07001149654388428,"y":-0.14510029554367066,"z":1.2613630294799805},"rotation":{"x":-0.19990253448486329,"y":0.10763335973024368,"z":-0.022099029272794725,"w":-0.9736353158950806},"size":2.6094472408294679,"orthographic":false}