{"cameraMode":{"drawMode":0,"name":"Shaded","section":"Shading Mode"},"sceneLighting":false,"audioPlay":false,"sceneViewState":{"showFog":true,"showMaterialUpdate":false,"showSkybox":true,"showFlares":true,"showImageEffects":true,"showParticleSystems":true},"in2DMode":false,"pivot":{"x":-0.1928340643644333,"y":0.23569293320178986,"z":-0.18337933719158173},"rotation":{"x":-0.03146657720208168,"y":0.9152548909187317,"z":-0.07291657477617264,"w":-0.3949703276157379},"size":0.3677375912666321,"orthographic":false}