{"cameraMode":{"drawMode":0,"name":"Shaded","section":"Shading Mode"},"sceneLighting":false,"audioPlay":false,"sceneViewState":{"showFog":true,"showMaterialUpdate":false,"showSkybox":true,"showFlares":true,"showImageEffects":true,"showParticleSystems":true},"in2DMode":false,"pivot":{"x":1.4737229347229005,"y":1.5390675067901612,"z":0.47480809688568118},"rotation":{"x":-0.1600566953420639,"y":-0.12196364253759384,"z":0.019932754337787629,"w":-0.9793413281440735},"size":1.7806885242462159,"orthographic":false}