{"cameraMode":{"drawMode":0,"name":"Shaded","section":"Shading Mode"},"sceneLighting":false,"audioPlay":false,"sceneViewState":{"showFog":true,"showMaterialUpdate":false,"showSkybox":true,"showFlares":true,"showImageEffects":true,"showParticleSystems":true},"in2DMode":false,"pivot":{"x":0.017896652221679689,"y":-0.18934166431427003,"z":0.2749798595905304},"rotation":{"x":-0.13755804300308228,"y":0.7310554385185242,"z":-0.15467298030853272,"w":-0.6501630544662476},"size":1.5257728099822999,"orthographic":false}