{"cameraMode":{"drawMode":0,"name":"Shaded","section":"Shading Mode"},"sceneLighting":false,"audioPlay":false,"sceneViewState":{"showFog":true,"showMaterialUpdate":false,"showSkybox":true,"showFlares":true,"showImageEffects":true,"showParticleSystems":true},"in2DMode":false,"pivot":{"x":-0.05789026618003845,"y":0.5750183463096619,"z":-0.015710599720478059},"rotation":{"x":-0.15577754378318788,"y":0.583433985710144,"z":-0.11523385345935822,"w":-0.788707435131073},"size":0.38282209634780886,"orthographic":false}