{"cameraMode":{"drawMode":0,"name":"Shaded","section":"Shading Mode"},"sceneLighting":false,"audioPlay":false,"sceneViewState":{"showFog":true,"showMaterialUpdate":false,"showSkybox":true,"showFlares":true,"showImageEffects":true,"showParticleSystems":true},"in2DMode":false,"pivot":{"x":0.24393895268440247,"y":0.3620520234107971,"z":0.27604591846466067},"rotation":{"x":-0.21633532643318177,"y":-0.16745617985725404,"z":0.037692394107580188,"w":-0.9611122608184815},"size":0.8851656317710877,"orthographic":false}