{"cameraMode":{"drawMode":0,"name":"Shaded","section":"Shading Mode"},"sceneLighting":false,"audioPlay":false,"sceneViewState":{"showFog":true,"showMaterialUpdate":false,"showSkybox":true,"showFlares":true,"showImageEffects":true,"showParticleSystems":true},"in2DMode":false,"pivot":{"x":0.5379117727279663,"y":0.6620998382568359,"z":-0.08048844337463379},"rotation":{"x":-0.11667528003454209,"y":0.03187551349401474,"z":-0.0037470227107405664,"w":-0.9926514029502869},"size":5.326436519622803,"orthographic":false}