{"cameraMode":{"drawMode":0,"name":"Shaded","section":"Shading Mode"},"sceneLighting":false,"audioPlay":false,"sceneViewState":{"showFog":true,"showMaterialUpdate":false,"showSkybox":true,"showFlares":true,"showImageEffects":true,"showParticleSystems":true},"in2DMode":false,"pivot":{"x":0.1612425446510315,"y":0.9375965595245361,"z":0.10160133242607117},"rotation":{"x":-0.25939077138900759,"y":0.5353632569313049,"z":-0.17711694538593293,"w":-0.7840486764907837},"size":0.3892507553100586,"orthographic":false}