{"cameraMode":{"drawMode":0,"name":"Shaded","section":"Shading Mode"},"sceneLighting":false,"audioPlay":false,"sceneViewState":{"showFog":true,"showMaterialUpdate":false,"showSkybox":true,"showFlares":true,"showImageEffects":true,"showParticleSystems":true},"in2DMode":false,"pivot":{"x":2.339837074279785,"y":-0.6893160343170166,"z":2.143336296081543},"rotation":{"x":-0.1752929389476776,"y":-0.23465658724308015,"z":0.04306407272815704,"w":-0.9551723599433899},"size":5.977473258972168,"orthographic":false}