{"cameraMode":{"drawMode":0,"name":"Shaded","section":"Shading Mode"},"sceneLighting":false,"audioPlay":false,"sceneViewState":{"showFog":true,"showMaterialUpdate":false,"showSkybox":true,"showFlares":true,"showImageEffects":true,"showParticleSystems":true},"in2DMode":false,"pivot":{"x":0.2768637239933014,"y":1.5369999408721924,"z":0.3790000081062317},"rotation":{"x":0.20065343379974366,"y":-0.34326687455177309,"z":0.07532082498073578,"w":0.9144577383995056},"size":0.5170283317565918,"orthographic":false}