{"cameraMode":{"drawMode":0,"name":"Shaded","section":"Shading Mode"},"sceneLighting":false,"audioPlay":false,"sceneViewState":{"showFog":true,"showMaterialUpdate":false,"showSkybox":true,"showFlares":true,"showImageEffects":true,"showParticleSystems":true},"in2DMode":false,"pivot":{"x":-0.3673524856567383,"y":-0.4710698127746582,"z":3.7828285694122316},"rotation":{"x":-0.12202592939138413,"y":0.1031288355588913,"z":-0.012749232351779938,"w":-0.9870722889900208},"size":7.307196617126465,"orthographic":false}