{"cameraMode":{"drawMode":0,"name":"Shaded","section":"Shading Mode"},"sceneLighting":false,"audioPlay":false,"sceneViewState":{"showFog":true,"showMaterialUpdate":false,"showSkybox":true,"showFlares":true,"showImageEffects":true,"showParticleSystems":true},"in2DMode":false,"pivot":{"x":-2.3058390617370607,"y":0.6035323143005371,"z":3.6167025566101076},"rotation":{"x":-0.07745969295501709,"y":-0.10835260152816773,"z":0.008468753658235073,"w":-0.9910539984703064},"size":6.035159111022949,"orthographic":false}