{"cameraMode":{"drawMode":0,"name":"Shaded","section":"Shading Mode"},"sceneLighting":false,"audioPlay":false,"sceneViewState":{"showFog":true,"showMaterialUpdate":false,"showSkybox":true,"showFlares":true,"showImageEffects":true,"showParticleSystems":true},"in2DMode":false,"pivot":{"x":0.11461615562438965,"y":0.4008517265319824,"z":0.17878669500350953},"rotation":{"x":-0.29621732234954836,"y":-0.03151174262166023,"z":0.009778749197721482,"w":-0.954550564289093},"size":1.1851656436920167,"orthographic":false}