{"cameraMode":{"drawMode":0,"name":"Shaded","section":"Shading Mode"},"sceneLighting":false,"audioPlay":false,"sceneViewState":{"showFog":true,"showMaterialUpdate":false,"showSkybox":true,"showFlares":true,"showImageEffects":true,"showParticleSystems":true},"in2DMode":false,"pivot":{"x":0.4817124009132385,"y":0.17596101760864259,"z":0.1540670394897461},"rotation":{"x":-0.22437983751296998,"y":0.04003968462347984,"z":-0.009227633476257325,"w":-0.9736351370811462},"size":1.7094471454620362,"orthographic":false}