{"cameraMode":{"drawMode":0,"name":"Shaded","section":"Shading Mode"},"sceneLighting":false,"audioPlay":false,"sceneViewState":{"showFog":true,"showMaterialUpdate":false,"showSkybox":true,"showFlares":true,"showImageEffects":true,"showParticleSystems":true},"in2DMode":false,"pivot":{"x":4.099617958068848,"y":-3.195017099380493,"z":2.131990909576416},"rotation":{"x":-0.29272472858428957,"y":-0.4474976360797882,"z":0.15779368579387666,"w":-0.8301562070846558},"size":10.917144775390625,"orthographic":false}